dc1,dc2,organic
1.9294948843175341,0.5542695209377777,TRUE
1.1014086469303155,0.5542695209380847,FALSE
