"","id","fruit","parameter","value","relative"
"1",1,"kale","antioxidants",292.612749623777,1.00926258054877
"2",2,"kale","polyphenols",7972.90747960788,0.933946590745147
"3",3,"kale","flavor",292.612749623777,1.00926258054877
"4",4,"grape","antioxidants",169.932162282438,1.01605696816085
"5",5,"grape","polyphenols",2843.46861369829,0.834509595586545
"6",6,"grape","flavor",169.932162282438,1.01605696816085
"7",7,"lettuce","antioxidants",39.7257035482424,1.07250156986355
"8",8,"lettuce","polyphenols",-425.526482886945,-3.0755530646023
"9",9,"lettuce","flavor",39.7257035482424,1.07250156986355
