"","id","fruit","parameter","value","relative"
"1",1,"kale","antioxidants",318.158074708887,1.09737200417951
"2",2,"kale","polyphenols",8066.76204379704,0.944940716849649
"3",3,"kale","flavor",318.158074708887,1.09737200417951
"4",4,"grape","antioxidants",195.477487367548,1.16879736296334
"5",5,"grape","polyphenols",2937.32317788745,0.862054311230014
"6",6,"grape","flavor",195.477487367548,1.16879736296334
"7",7,"lettuce","antioxidants",65.271028633353,1.76216591333288
"8",8,"lettuce","polyphenols",-331.671918697785,-2.39720587793478
"9",9,"lettuce","flavor",65.271028633353,1.76216591333288
