id,fruit,parameter,value,relative
10,kale,antioxidants,289.927274886851,1
11,kale,polyphenols,8536.791673758045,1
12,kale,flavor,289.927274886851,1
13,grape,antioxidants,167.24668754551197,1
14,grape,polyphenols,3407.3528078484514,1
15,grape,flavor,167.24668754551197,1
16,lettuce,antioxidants,37.040228811316844,1
17,lettuce,polyphenols,138.35771126321617,1
18,lettuce,flavor,37.040228811316844,1
