id,fruit,parameter,value
1,kale,antioxidants,289.927274886851
2,kale,polyphenols,8536.791673758045
3,kale,flavor,289.927274886851
4,grape,antioxidants,167.24668754551197
5,grape,polyphenols,3407.3528078484514
6,grape,flavor,167.24668754551197
7,lettuce,antioxidants,37.040228811316844
8,lettuce,polyphenols,138.35771126321617
9,lettuce,flavor,37.040228811316844
